vd_domain,vd_addr,vd_dataset,vd_sort,ad_line1,ad_city,ad_state,ad_zip,ad_ctry,vd_cr_terms,ad_taxable,ad_tax_usage,ad_phone
AEROSTAR,10842,AEROSTAR 1,DAVID BUDD,DDDD,dD,Annaba,ddfdf,Algeria,sssds,,,434324
AEROSTAR,11052,AEROSTAR 2,Nick Kouria,,,,,USA,,0,,
AEROSTAR,50006,AEROSTAR 3,GRUPO SIRYAA S.A. DE C.V.,CALLE DE PALOS #60,PUEBLA,Lezhë District,72014,Albania,323,,,1234567
AEROSTAR,50009,AEROSTAR 4,FS Industries,P.O. Box 72659,Providence,Tasmania,2907,Australia,,,,112345
AEROSTAR,50010,AEROSTAR 5,CIM SOLUTIONS & NETWORKING,46672 MORNINGTON RD,CANTON,MI,48187,USA,,0,,734-981-7470
AEROSTAR,50011,AEROSTAR 6,Gleason Works,275 Atlantic Ave,Rochester,NY,14607,USA,,0,,1-585-461-8170
AEROSTAR,50012,AEROSTAR 7,CHRISTOPHER JONES,,,MI,,USA,,0,,
AEROSTAR,50014,AEROSTAR 8,JOSE A. RODRIGUEZ,,,,,USA,,0,,
AEROSTAR,50015,AEROSTAR 9,BIRCH COMMUNICATIONS,PO BOX 791371,BALTIMORE,MD,21279-1371,USA,,0,,
AEROSTAR,50016,AEROSTAR 10,AIM HIGH,"4F, -5 NO 297, ZHONGZHENG RD",TAIWAN,,,CH,,0,,
AEROSTAR,50017,AEROSTAR 11,Cleo Communications,PO Box 15835,Loves Park,IL,61132-5835,USA,,0,,
AEROSTAR,50019,AEROSTAR 12,Rajendra Nadkarni,,,MI,,USA,,0,,
AEROSTAR,50020,AEROSTAR 13,Phillip Milspaugh,,,MI,,USA,,0,,
AEROSTAR,50022,AEROSTAR 14,DTE Energy,P.O. Box 630795,Cincinnati,OH,45263-0795,USA,,0,,
AEROSTAR,50023,AEROSTAR 15,Ray Cassiday,,,,,USA,,0,,
AEROSTAR,50024,AEROSTAR 16,INDIANA DEPART. OF REVENUE,P.O.BOX 6077,INDIANAPOLIS,IN,46206-6077,USA,,0,,
AEROSTAR,50025,AEROSTAR 17,Law officr of James D. Eiss,19 Limestone Drive Suite 1,Buffalo,NY,14221,USA,,0,,
AEROSTAR,50026,AEROSTAR 18,RMT WOODWORTH,PO BOX 673714,DETROIT,MI,48267-3714,USA,,0,,7345-254-0566
AEROSTAR,50027,AEROSTAR 19,Blanca Duenas,,,,,USA,,0,,
AEROSTAR,50028,AEROSTAR 20,Ali Al-Atwali,,,,,USA,,0,,
AEROSTAR,50029,AEROSTAR 21,Fadel Yehya,,,,,USA,,0,,
AEROSTAR,50031,AEROSTAR 22,State of Michigan Corp.,P.O. Box 30768,Lansing,MI,48909,USA,,0,,
AEROSTAR,50032,AEROSTAR 23,GENDRIK ESCOBAR,,,,,USA,,0,,
AEROSTAR,50033,AEROSTAR 24,AHMED ABDALLA,,,,,USA,,0,,
AEROSTAR,50034,AEROSTAR 25,Ron Barnett,,,,,USA,,0,,
AEROSTAR,50035,AEROSTAR 26,CURLEANA GATSON,3813 DUDLEY STREET,DEARBORN,MI,48124,USA,,0,,
AEROSTAR,50037,AEROSTAR 27,NARENDRAKUMAR DESAI,,,,,USA,,0,,
AEROSTAR,50038,AEROSTAR 28,JAMES HAMILTON,,,,,USA,,0,,
AEROSTAR,50049,AEROSTAR 29,REED AJENE',,,,,USA,ONREC,0,,
AEROSTAR,50050,AEROSTAR 30,JASON MCCUAN,,,,,USA,ONREC,0,,
AEROSTAR,50051,AEROSTAR 31,Mike Kennedy,,,,,USA,ONREC,0,,
AEROSTAR,50053,AEROSTAR 32,CHRISTINE CHAPPELL,,,,,USA,ONREC,0,,
AEROSTAR,50057,AEROSTAR 33,MUSAED ABOALI,,,,,USA,,0,,
AEROSTAR,50058,AEROSTAR 34,MUSAED ABOALI,,,,,USA,,0,,
AEROSTAR,71823,AEROSTAR 35,Aerostar,sdasda,test,test,342342,test,543,,,32434234
AEROSTAR,1,AEROSTAR 36,12,hgf,hgf,Kavajë District,76,Albania,,,,8.68E+53
AEROSTAR,10000,AEROSTAR 37,123.NET,daad,dad,ad,752020,dad,,,,dada
AEROSTAR,10001,AEROSTAR 38,520 MACHINERY SALES LLC,1701 HOWARD STREET SUITE F,ELK GROVE VILLAGE,IL,60007,USA,N30,0,,
AEROSTAR,10002,AEROSTAR 39,A & A CALIBRATION INC,P.O. BOX 510913,LIVONIA,MI,48151,USA,N30,0,,
AEROSTAR,10003,AEROSTAR 40,A.M. CASTLE & CO/CASTLE META,sfsfsf,fsfs,fsfs,fsf,fsfs,N30,,,fsfs
AEROSTAR,10004,AEROSTAR 41,ACAL PRECISION PRODUCTS,20200 CORNILLIE DRIVE,ROSEVILLE,MI,48066-1746,USA,,0,,
AEROSTAR,10005,AEROSTAR 42,ARTHUR CHAPPELL,26067 SOUTHWESTERN HIGHWAY,REDFORD,MI,48239,USA,N10,0,,
AEROSTAR,10006,AEROSTAR 43,ACSI ASSESMENT & CONSULT SVC,SERVICES INTERNATIONAL INC. 48512 Red Oak Drive,Shelby Township,MI,48315,USA,ONREC,0,,
AEROSTAR,10007,AEROSTAR 44,ADAMS THERMAL SYSTEMS INC.,47920 5TH STREET,CANTON,SD,57013,USA,N30,0,,605-764-1103
AEROSTAR,10008,AEROSTAR 45,ADMIRAL BROACH,21391 CARLO,CLINTON TWP,MI,48038-1511,USA,N30,0,,
AEROSTAR,10009,AEROSTAR 46,ADP INC.,P.O. BOX 842875,BOSTON,MA,02284-2875,USA,N30,0,,
AEROSTAR,10010,AEROSTAR 47,ADVANCED MACHINE & ENGINEERI,35109 EAGLE WAY,CHICAGO,IL,60678-1351,USA,N30,0,,
AEROSTAR,10011,AEROSTAR 48,AEROSTAR INDIA,,,,,IND,N30,0,,
AEROSTAR,10012,AEROSTAR 49,AEROTEK COMMERCIAL STAFFING,P.O. BOX 198531,ATLANTA,GA,30384-8531,USA,N15,0,,
AEROSTAR,10013,AEROSTAR 50,AFLAC,1932 WYNNTON ROAD,COLUMBUS,GA,31999-0797,USA,N30,0,,
AEROSTAR,10014,AEROSTAR 51,AGENTS AND CORPORATION,SUITE 600 ONE COMMERCE 1201 N ORANGE ST,WILMINGTON,DE,19899-0511,USA,N30,0,,
AEROSTAR,10015,AEROSTAR 52,AHB TOOLING & MACHINERY INC,1663 CHAMPAGNE DRIVE NORTH,SAGINAW,MI,48604,USA,N30,0,,800-991-4225
AEROSTAR,10016,AEROSTAR 53,AIR TECHNOLOGIES,11771 BELDEN CT,LIVONIA,MI,48150,USA,N30,0,,
AEROSTAR,10017,AEROSTAR 54,A.J. ROSE MANUFACTURING CO,3115 WEST 38TH STREET,CLEVELAND,OH,44109,USA,N30,0,,
AEROSTAR,10018,AEROSTAR 55,SATISH AKKALKOT,,,,,IND,,0,,
AEROSTAR,10019,AEROSTAR 56,AL & SONS HYDRAULIC INC,19340 ALLEN RD,TRENTON,MI,48183,USA,N30,0,,
AEROSTAR,10020,AEROSTAR 57,KONICA MINOLTA,21146 NETWORK PLACE,CHICAGO,IL,60673-1211,USA,N20,0,,
AEROSTAR,10021,AEROSTAR 58,KONICA MINOLTA ALBIN INC,DEPT CH 19188,PALATINE,IL,60055-9188,USA,N30,0,,800-456-5664
AEROSTAR,10022,AEROSTAR 59,ALEJANDRO DUENAS,,,,,USA,N10,0,,
AEROSTAR,10023,AEROSTAR 60,ALL CONTROL,1644 CAMBRIDGE DR.,ELGIN,IL,60123,USA,N30,0,,
AEROSTAR,10024,AEROSTAR 61,ALLEN GROUP LIMITED,KINMEL PARK INDUSTRIAL ESTAT BODELWYDDAN,DENBIGHSHIRE,,LL18 5TY,CA,N30,0,,
AEROSTAR,10025,AEROSTAR 62,ALLIED METALS CORPORATION,1750 STEPHENSON HWY,TROY,MI,48083,USA,N60,0,,248-680-2400
AEROSTAR,10026,AEROSTAR 63,ALLIED ELECTRONICS INC,P.O. BOX 841811,DALLAS,TX,75284-1811,USA,N30,0,,
AEROSTAR,10027,AEROSTAR 64,REPUBLIC SERVICES,1633 HIGHWOOD WEST,PONTIAC,MI,48340-1244,USA,N30,0,,
AEROSTAR,10028,AEROSTAR 65,ALRO GROUP,3100 E HIGH STREET,JACKSON,MI,49204-0927,USA,N30,0,,517-788-3122
AEROSTAR,10029,AEROSTAR 66,ALTA EQUIPMENT COMPANY,12201 UNIVERSAL DRIVE,TAYLOR,MI,48180,USA,N30,0,,
AEROSTAR,10030,AEROSTAR 67,AMCO METAL INDUSTRIAL CORP,461 SOUTH 7TH AVENUE,CITY OF INDUSTRY,CA,91746,USA,N30,0,,626-855-2550
AEROSTAR,10031,AEROSTAR 68,AMG ENGINEERING & MACHINING,P.O.BOX 781108,INDIANAPOLIS,IN,46278,USA,N30,0,,317-329-4000
AEROSTAR,10032,AEROSTAR 69,OPTIMAS OE SOLOUTIONS,1926 PEACH ST,ERIE,PA,16502,USA,N30,0,,(260)470-6309
AEROSTAR,10033,AEROSTAR 70,APPLIED INDUSTRIAL TECH INC,22510 NETWORK PLACE,CHICAGO,IL,60673,USA,N30,0,,
AEROSTAR,10034,AEROSTAR 71,A RAYMOND,3901 RESEARCH DRIVE,ROCHESTER HILL,MI,48309,USA,,0,,
AEROSTAR,10035,AEROSTAR 72,ARC MASTERS INC,4070 5TH STREET,WYANDOTTE,MI,48192,USA,N30,0,,
AEROSTAR,10036,AEROSTAR 73,MARK ARROWSMITH,,,,,USA,ONREC,0,,
AEROSTAR,10037,AEROSTAR 74,AT&T,P.O. BOX 5080,CAROL STREAM,IL,60197-5080,USA,N20,0,,
AEROSTAR,10038,AEROSTAR 75,ATLAS COPCO FINANCE USA LLC.,PO BOX 200894,PITTSBURGH,PA,15251-0894,USA,,0,,
AEROSTAR,10039,AEROSTAR 76,ATLAS FOUNDRY COMPANY INC,601 N. HENDERSON AVE.,MARION,IN,46952-3348,USA,N30,0,,
AEROSTAR,10040,AEROSTAR 77,ATLAS THREAD GAGE,30990 WEST EIGHT MILE,FARMINGTON HILLS,MI,48336,USA,N30,0,,
AEROSTAR,10041,AEROSTAR 78,AWCCO USA INC,171 SHAFER DRIVE,ROMEO,MI,48065,USA,N60,0,,586-336-9135
AEROSTAR,10042,AEROSTAR 79,ALL WORLD MACHINERY,6164 ALL WORLD WAY,ROSCOE,IL,61073,USA,N30,0,,
AEROSTAR,10043,AEROSTAR 80,BAJAJSONS LIMITED,,LUDHIYANA,PUN,141010,IND,N30,0,,
AEROSTAR,10044,AEROSTAR 81,BANNER LIFE INSURANCE CO,P.O. BOX 71226,Charlotte,nc,28272-1226,USA,N30,0,,
AEROSTAR,10045,AEROSTAR 82,BARCODESINC,P.O. BOX 0776,CHICAGO,IL,60690-0776,USA,N30,0,,
AEROSTAR,10046,AEROSTAR 83,BEARING SERVICE,12320 GLOBE STREET,LIVONIA,MI,48150-1144,USA,N30,0,,
AEROSTAR,10047,AEROSTAR 84,BEST IMPRESSIONS,P.O. BOX 615,LINCOLN PARK,MI,48146,USA,N30,0,,
AEROSTAR,10048,AEROSTAR 85,HTC TOOL-CUTTER & MFG. CO.,33545 GROESBECK HWY.,FRASER,MI,48026,USA,N30,0,,
AEROSTAR,10049,AEROSTAR 86,BLUE CARE NETWORK,MEMBERSHIP & BILLING- MC B81 25925 TELEGRAPH RD,SOUTHFIELD,MI,48086-5043,USA,N30,0,,
AEROSTAR,10050,AEROSTAR 87,BANK OF AMERICA,14460 LAKESIDE CIRCLE SUITE 200,STERLING HEIGHTS,MI,48313,USA,N45,0,,
AEROSTAR,10051,AEROSTAR 88,PRAXAIR,5825 WYOMING AVE,DEARBORN,MI,48126,USA,N30,0,,
AEROSTAR,10052,AEROSTAR 89,BODINE ALUMINUM,2100 WALTON ROAD,OVERLAND,MO,63114,USA,N30,0,,
AEROSTAR,10053,AEROSTAR 90,BODYCOTE THERMAL PROCESSING,4119 SOLUTIONS CENTER,CHICAGO,IL,60677-4001,USA,N30,0,,
AEROSTAR,10054,AEROSTAR 91,BRECKENRIDGE PAPER & PACKAGI,28529 GODDARD RAOD SUITE 104-105,ROMULUS,MI,48174,USA,N30,0,,
AEROSTAR,10055,AEROSTAR 92,BREMEN CASTINGS INC,500 N. BALTIMORE ST. P.O. BOX 129,BREMEN,IN,46506,USA,N30,0,,800-837-2411
AEROSTAR,10056,AEROSTAR 93,BENNETT TOOLING SOLUTIONS,6185 Tittabawssee Road Suite 3C,SAGINAW,MI,48603,USA,N30,0,,
AEROSTAR,10057,AEROSTAR 94,BUFFALO NIAGARA PARTNERSHIP,665 MAIN STREET SUITE 200,BUFFALO,NY,14203,USA,N30,0,,
AEROSTAR,10058,AEROSTAR 95,LIAZON BENEFITS INC.,P.O. BOX 8000 DEPARTMENT 428,BUFFALO,NY,14267,USA,N30,0,,
AEROSTAR,10059,AEROSTAR 96,BUSCHE ENTERPRISE DIVISION I,,,,,USA,,0,,
AEROSTAR,10060,AEROSTAR 97,BUSINESSWEEK,P.O. BOX 8426,RED OAK,IA,51591-1426,USA,N07,0,,
AEROSTAR,10061,AEROSTAR 98,CADILLAC PLATING CORPORATION,23849 GROESBECK,WARREN,MI,48089,USA,N30,0,,
AEROSTAR,10062,AEROSTAR 99,CALHOUN FOUNDRY COMPANY INC,P.O. Box 218,HOMER,MI,49245,USA,N30,0,,517-568-4415
AEROSTAR,10063,AEROSTAR 100,CALIBER TECHNOLOGIES,16114 SHERMAN WAY,VAN NUYS,CA,91406,USA,N30,0,,
AEROSTAR,10064,AEROSTAR 101,CAMLOGIC,38 S. WASHINGTON STREET,OXFORD,MI,48371,USA,ONREC,0,,
AEROSTAR,10065,AEROSTAR 102,CAPLUGS NIAGARA,2150 ELMWOOD AVE,BUFFALO,NY,14207,USA,N30,0,,888-227-5847
AEROSTAR,10066,AEROSTAR 103,CASH,,,,,USA,N30,0,,
AEROSTAR,10067,AEROSTAR 104,CERTIFIED LABORATORIES,P.O. BOX 2493,FORT WORTH,TX,76113-2493,USA,N10,0,,
AEROSTAR,10068,AEROSTAR 105,ARTHUR CHAPPELL,,,,,USA,,0,,
AEROSTAR,10069,AEROSTAR 106,US Safety & supply Company,167 Mason Way A-3,City of Industry,CA,91746,USA,,0,,626-336-2988
AEROSTAR,10070,AEROSTAR 107,CHEF'S PRIDE GIFTS LLC,21740 TROLLEY INDUSTRIAL DRI,TAYLOR,MI,48180,USA,N15,0,,
AEROSTAR,10071,AEROSTAR 108,SKF SEALING SOLUTIONS,900 NORTH STATE STREET,ELGIN,IL,60123-2193,USA,N30,0,,
AEROSTAR,10072,AEROSTAR 109,CINTAS CORPORATION - 300,39145 Webb Dr.,Westland,MI,48185,USA,N30,0,,
AEROSTAR,10073,AEROSTAR 110,CITY OF ROMULUS,11111 WAYNE RD,ROMULUS,MI,48174,USA,N30,0,,
AEROSTAR,10074,AEROSTAR 111,CITY OF ROMULUS WATER,11111 WAYNE ROAD,ROMULUS,MI,48174,USA,N30,0,,
AEROSTAR,10075,AEROSTAR 112,CLARK HILL PLC,500 WOODWARD AVE SUITE 3500,DETROIT,MI,48226-3435,USA,N30,0,,
AEROSTAR,10076,AEROSTAR 113,CLARKE POWER SERVICES INC,2610 INDEPENDENCE DRIVE,FORT WAYNE,IN,46808,USA,N30,0,,260-482-9185
AEROSTAR,10077,AEROSTAR 114,CLAYTON & MCKERVEY PC,27777 FRANKLIN RD SUITE 1200,SOUTHFIELD,MI,48034-8262,USA,N30,0,,
AEROSTAR,10078,AEROSTAR 115,COMCAST COMMERCIAL,500 S GRAVERS RD,PLYMOUTH MEETING,PA,19462,USA,N30,0,,
AEROSTAR,10079,AEROSTAR 116,COMMUNITY SAFETY NET,P.O. BOX 559,PEMBINA,ND,58271-0559,USA,N30,0,,
AEROSTAR,10080,AEROSTAR 117,CONCENTRA MEDICAL CENTERS,P.O. Box 5106,SOUTHFIELD,MI,48086-5106,USA,N30,0,,
AEROSTAR,10081,AEROSTAR 118,CON-WAY FREIGHT,P.O. BOX 5160,PORTLAND,OR,97208-5160,USA,N30,0,,
AEROSTAR,10082,AEROSTAR 119,COOK INDUSTRIES INC.,23515 PINEWOOD,WARREN,MI,48091,USA,N30,0,,
AEROSTAR,10083,AEROSTAR 120,COOPERATIVE PLATING,1605 INGLEHART AVENUE,ST. PAUL,MN,55104,USA,N30,0,,
AEROSTAR,10084,AEROSTAR 121,CO/OP OPTICAL,660 WOODWARD AVE,DETROIT,MI,48226,USA,N30,0,,
AEROSTAR,10085,AEROSTAR 122,CORPORATE ASSETS INC,,,,,USA,,0,,
AEROSTAR,10086,AEROSTAR 123,CRAIN'S DETROIT BUSINESS,PO BOX 433280,PALM COAST,FL,32143-3280,USA,N30,0,,
AEROSTAR,10087,AEROSTAR 124,CRIMSON IMAGING,4011 PACIFIC COAST HIGHWAY,TORRANCE,CA,90505,USA,N30,0,,
AEROSTAR,10088,AEROSTAR 125,CTE LEROY D. BURCROFF,36750 WICK ROAD,ROMULUS,MI,48174,USA,N30,0,,
AEROSTAR,10089,AEROSTAR 126,CINCINNATI TEST SYSTEMS,10100 PROGRESS WAY,HARRISON,OH,45030,USA,N30,0,,513-367-6699
AEROSTAR,10090,AEROSTAR 127,CUMMINS FILTRATION INC.,1200 FLEETGUARD RD P.O. BOX 6001,COOKEVILLE,TN,38502-6001,USA,N30,0,,
AEROSTAR,10091,AEROSTAR 128,D C HYDRAULICS INC,42010 KOPPERNICK RD SUITE 118,CANTON,MI,48187,USA,N30,0,,
AEROSTAR,10092,AEROSTAR 129,D&G BUILDING,30735 CYPRESS SUITE 600,ROMULUS,MI,48174,USA,N30,0,,
AEROSTAR,10093,AEROSTAR 130,DATUM PRECISION MACHINE INC.,35235 AUTOMATION DRIVE,CLINTON TOWNSHIP,MI,48035,USA,N30,0,,
AEROSTAR,10094,AEROSTAR 131,DAYCO PRODUCTS,1351 STEWART PLACE,SPRINGDALE,AR,72764,USA,N30,0,,479-756-7500
AEROSTAR,10095,AEROSTAR 132,DAYTON FREIGHT,6450 POE AVENUE,DAYTON,OH,45414,USA,N30,0,,
AEROSTAR,10096,AEROSTAR 133,DELAWARE SECRETARY OF STATE,DEL DIVISION OF CORPORATION PO BOX 5509,BINGHAMTON,NY,13902,USA,N30,0,,
AEROSTAR,10097,AEROSTAR 134,DELSTAR TECHNOLOGIES INC.,dba SWM 220 EAST ST. ELMO DRIVE,AUSTIN,TX,78745,USA,N30,0,,
AEROSTAR,10098,AEROSTAR 135,DETROIT AIR COMPRESSOR,3205 BERMUDA,FERNDALE,MI,48220,USA,N30,0,,
AEROSTAR,10099,AEROSTAR 136,DETROIT MARKING PRODUCTS COR,15100 CASTLETON,DETROIT,MI,48227,USA,N30,0,,
AEROSTAR,10100,AEROSTAR 137,DEUBLIN COMPANY,2505 NORMAN DR WEST,WAUKEGAN,IL,60085-6747,USA,N30,0,,
AEROSTAR,10101,AEROSTAR 138,OBSOLETE FAIRFIELD CASTINGS,2211 WEST GRIMES AVENUE P.O. BOX 310,FAIRFIELD,IA,52556,USA,N30,0,,
AEROSTAR,10102,AEROSTAR 139,WILLIAM DILLARD,,,,,USA,,0,,
AEROSTAR,10103,AEROSTAR 140,DILLON MANUFACTURING INC,2115 PROGRESS DR,SPRINGFIELD,OH,45505-4470,USA,N30,0,,
AEROSTAR,10104,AEROSTAR 141,DIRECTIONAL REGULATED SYSTEM,8491 RONDA DRIVE,CANTON,MI,48187,USA,N30,0,,
AEROSTAR,10105,AEROSTAR 142,DNR INC,38475 WEBB DRIVE,WESTLAND,MI,48185,USA,N30,0,,
AEROSTAR,10106,AEROSTAR 143,DOMINICKS MARKET,12970 BEECH DALY,ROMULUS,MI,48174,USA,ONREC,0,,
AEROSTAR,10107,AEROSTAR 144,DONSCO INC,124 N. FRONT STREET,WRIGHTSVILLE,PA,17368,USA,N60,0,,717-252-1561
AEROSTAR,10108,AEROSTAR 145,DOWNRIVER CLEANING,38905 Chase Street,Romulus,MI,48174,USA,N30,0,,
AEROSTAR,10109,AEROSTAR 146,DTE ENERGY,PO BOX 2859,DETROIT,MI,48260-0001,USA,N30,0,,
AEROSTAR,10110,AEROSTAR 147,DUNDICK CORPORATION,97192 EAGLE WAY,CHICAGO,IL,,USA,N30,0,,
AEROSTAR,10818,AEROSTAR 148,WYANDOTTE WELDING COMPANY,2025 Eureka Rd,WYANDOTTE,MI,48192,USA,,0,,734 282-3830
AEROSTAR,10819,AEROSTAR 149,TIER ONE INSPECTION & SCREEN,39B Venman St,Frewsburg,NY,14738,USA,,0,,716 569 4094
AEROSTAR,10820,AEROSTAR 150,MIDCOM DATA TECHNOLOGIES INC,33493 W 14 MILE RD SUITE 500,FARMINGTON HILLS,MI,48331,USA,,0,,800-643-2664
AEROSTAR,10821,AEROSTAR 151,DAVIS INSTRUMENTS,625 East Bunker Court,Vernon Hills,IL,60061-1844,USA,,0,,1-800-358-5525
AEROSTAR,10822,AEROSTAR 152,JOHN FREEMAN,,,,,USA,,0,,
AEROSTAR,10823,AEROSTAR 153,COMMERCIAL VEHICLE GROUP,200 NORTH LOCUST,EDGEWOOD,IA,52042,USA,N30,0,,
AEROSTAR,10824,AEROSTAR 154,SHRED-IT USA,28883 NETWORK PLACE,CHICAGO,IL,60673-1288,USA,,0,,
AEROSTAR,10825,AEROSTAR 155,JERGENS,15700 South Waterloo Rd.,CLEVELAND,OH,44110,USA,,0,,877-486-1454
AEROSTAR,10826,AEROSTAR 156,UNITECH CNC CENTER PVT LTD,#559 14th CROSS 4TH PHASE 2ND STAGE PEENYA INDUSTRIAL,BANGALORE,KA,560058,IND,N30,0,,+91 998 095 2000
AEROSTAR,10827,AEROSTAR 157,SCHREIBER ADVISORS P.C.,1 HERITAGE DRIVE SUITE 550,SOUTHGATE,MI,48195-3737,USA,N30,0,,
AEROSTAR,10828,AEROSTAR 158,ALI HOSSAIN,,,,,USA,ONREC,0,,
AEROSTAR,10829,AEROSTAR 159,TREVOR THOMPSON,,,,,USA,ONREC,0,,
AEROSTAR,10830,AEROSTAR 160,KYLE BUSCH,44090 MICHIGAN AVE,CANTON,MI,48188,USA,,0,,
AEROSTAR,10831,AEROSTAR 161,TECHNA-TOOL INC,553 S. INDUSTRIAL DRIVE PO BOX 467,HARTLAND,WI,53029,USA,,0,,262 357 8665
AEROSTAR,10832,AEROSTAR 162,DIOCON PROFESSIONAL SERVICES,AVE. DEL CURTIDOR #420 INT. T FRACC. IND. JULIAN DE,OBREGON LEON-GTO,,37290,MEX,,0,,52-477-2670137
AEROSTAR,10833,AEROSTAR 163,ROBERT CLARK,,,,,USA,,0,,
AEROSTAR,10834,AEROSTAR 164,AIRGAS USA LLC,1200 FARROW ST,FERNDALE,MI,48220,USA,N30,0,,248-545-9353
AEROSTAR,10835,AEROSTAR 165,RTI LABORATORIES INC.,33080 INDUSTRIAL RD,LIVONIA,MI,48150,USA,,0,,734 422 8000
AEROSTAR,10836,AEROSTAR 166,MAVERICK FIRE PROTECTION,32413 PARK LANE ST,GARDEN CITY,MI,48135,USA,,0,,734 469 2830
AEROSTAR,10837,AEROSTAR 167,DEMCO,PO BOX 7488,MADISON,WI,53707,USA,,0,,800.356.1200
AEROSTAR,10838,AEROSTAR 168,FRANK BACON MACHINERY SALES,4433 EAST EIGHT MILE RD,WARREN,MI,48090,USA,,0,,586 756 4280
AEROSTAR,10839,AEROSTAR 169,E & R INDUSTRIAL SALES INC.,40800 ENTERPRISE DRIVE,STERLING HEIGHTS,MI,48314,USA,,0,,586 795 2400
AEROSTAR,10840,AEROSTAR 170,ANTONIO DOTSON,15121 POND VILLAGE,TAYLOR,MI,48180,USA,,0,,
AEROSTAR,10841,AEROSTAR 171,SABRINA NEACE,2333 FERRIS,DETROIT,MI,48209,USA,,0,,
AEROSTAR,10842,AEROSTAR 172,DAVID BUDD,,,,,USA,,0,,
AEROSTAR,10843,AEROSTAR 173,J. BRISBOIS TOOL SALES & SVC,33545 Groesbeck Hwy,Fraser,MI,48206,USA,,0,,734-455-1144
AEROSTAR,10844,AEROSTAR 174,CYBER METRICS CORP,1523 WEST WHISPERING WIND DR SUITE 100,PHOENIX,AZ,85085,USA,,0,,480 922 7300
AEROSTAR,10845,AEROSTAR 175,Thermo Fisher Scientific,300 Industry Drive,Pittsburgh,PA,15275,USA,,0,,724 517 2954
AEROSTAR,10846,AEROSTAR 176,CENTURY SCALE LLC,23731 DEQUINDRE,HAZEL PARK,MI,48030,USA,,0,,248 547 -1250
AEROSTAR,10847,AEROSTAR 177,CITY OF TAYLOR,23555 GODDARD,TAYLOR,MI,48180,USA,,0,,
AEROSTAR,10848,AEROSTAR 178,Liberty Plumbing Supply Co,29101 Michigan Ave PO Box 390,Inkster,MI,48141,USA,,0,,734-721-3101
AEROSTAR,10849,AEROSTAR 179,ANITHA BOJAN,,,,,USA,,0,,
AEROSTAR,10850,AEROSTAR 180,ALEJANDRO CHINCHILLA,2740 PACKARD ST #A9,ANN ARBOR,MI,48108,USA,,0,,
AEROSTAR,10851,AEROSTAR 181,MICHIGAN INDUSTRIAL DOOR,23010 INDUSTRIAL DR,ST CLAIR SHORE,MI,48080,USA,,0,,800-826-3667
AEROSTAR,10852,AEROSTAR 182,S.R. SALES,N31 W22300 GREEN ROAD,WAUKESHA,WI,53186-1094,USA,,0,,262-522-6644
AEROSTAR,10853,AEROSTAR 183,HIGH QUALITY PERFORMANCE SER,Hacienda de Trejo #21 Silao Guanajuato,36110,,,MEX,,0,,4721014661
AEROSTAR,10854,AEROSTAR 184,William Molnar Roofing Co.,12455 Hale Street,Riverview,MI,48193,USA,ONREC,0,,734-281-0591
AEROSTAR,10855,AEROSTAR 185,J&M TOWING,8964 Inkster Rd,ROMULUS,MI,48174,USA,,0,,734 946-4101
AEROSTAR,10856,AEROSTAR 186,METRO WASTE SERVICES CO.,29131 MICHIGAN AVE PO BOX 498,INKSTER,MI,48141,USA,N30,0,,
AEROSTAR,10857,AEROSTAR 187,JUSTIN TRACY,,,,,USA,,0,,
AEROSTAR,10858,AEROSTAR 188,VTC INSURANCE GROUP,37000 GRAND RIVER AVE. SUITE 150,FARMINGTON HILLS,MI,48335,USA,,0,,
AEROSTAR,10859,AEROSTAR 189,THE LINCOLN NATIONAL LIFE INSURANCE COMPANY,PO BOX 7247-0477,PHILADELPHIA,PA,19170-0477,USA,,0,,
AEROSTAR,10860,AEROSTAR 190,InStockLabels.com LLC,3789 South 300 West Bldg B,Salt Lake City,UT,84115,USA,,0,,888.407.5001
AEROSTAR,10861,AEROSTAR 191,SOUTHLAND EYE CLINIC,15055 PLAZA SOUTH DR.,TAYLOR,MI,48180-5202,USA,N30,0,,
AEROSTAR,10862,AEROSTAR 192,THE 5S STORE LLC,16 Lomar Park Unit 8,Pepperell,MA,1463,USA,,0,,978-842-4610
AEROSTAR,10863,AEROSTAR 193,SETON,20 Thompson Rd. P.O. Box 819,Branford,CT,6405,USA,,0,,855 544 7992
AEROSTAR,10864,AEROSTAR 194,KENNY PRODUCTS,22889 Lockness Ave,Torrance,CA,90501,USA,,0,,800.331.5818
AEROSTAR,10865,AEROSTAR 195,David A. Johnson,,,,,USA,ONREC,0,,
AEROSTAR,10866,AEROSTAR 196,ANTHONY WHITE,,,,,USA,ONREC,0,,
AEROSTAR,10867,AEROSTAR 197,U.S. Safety & Supply Company,167 Mason Way Unit A-3,City of Industry,CA,91746,USA,,0,,(626) 336.2988
AEROSTAR,10868,AEROSTAR 198,ZORO,CUST2632977 Box 5233,JANESVILLE,WI,53547-5233,USA,,0,,855 289 9676
AEROSTAR,10869,AEROSTAR 199,MICHIGAN PALLET,PO BOX 436,CLINTON,MI,49236,USA,,0,,517 456 4240
AEROSTAR,10870,AEROSTAR 200,J & G PALLETS AND TRUCKING,2971 Bellevue St,DETROIT,MI,48207,USA,,0,,(313) 921-0222
AEROSTAR,10871,AEROSTAR 201,KB CONSULTING SERVICES INC.,4 BEACON WAY #1509,JERSEY CITY,NJ,7304,USA,ONREC,0,,
AEROSTAR,10872,AEROSTAR 202,AMERICAN RED CROSS,25688 NETWORK PLACE,CHICAGO,IL,60673-1256,USA,,0,,1-888-284-0607
AEROSTAR,10873,AEROSTAR 203,Javier Barrera Trejo,,,,,USA,,0,,
AEROSTAR,10874,AEROSTAR 204,Jared Long,,,,,USA,,0,,
AEROSTAR,10875,AEROSTAR 205,Said Yahia,,,,,USA,,0,,
AEROSTAR,10876,AEROSTAR 206,Saleh Algashash,,,,,USA,,0,,
AEROSTAR,10877,AEROSTAR 207,The Microscope Store LLC,1222 McDowell Avenue NE,Roanoke,VA,24012,USA,,0,,(877) 409-3556
AEROSTAR,10878,AEROSTAR 208,Humtown Products,44708 Columbiana-Waterford R,Columbiana,OH,44408,USA,,0,,330.482.5555
AEROSTAR,10879,AEROSTAR 209,Arista Consulting LLC,1297 Kennebec Court,Canton,MI,48187,USA,,0,,734-756-3616
AEROSTAR,10880,AEROSTAR 210,Bill Kimpton,,,,,USA,,0,,
AEROSTAR,10881,AEROSTAR 211,Constellation NewEnergy-Gas Division LLC,PO Box 5473,Carol Stream,IL,60197-5473,USA,,0,,
AEROSTAR,10882,AEROSTAR 212,JAMES BUMSTEAD,,,,,USA,ONREC,0,,
AEROSTAR,10883,AEROSTAR 213,407 ETR,PO BOX 407 STN 'D',SCARBOROUGH,ONTA,M1R 5J8,CA,dad,,,sasgf
AEROSTAR,10884,AEROSTAR 214,Precision Tool Co Inc,2839 Henry St,Muskegon,MI,49441,USA,,0,,(231) 733-0811
AEROSTAR,10885,AEROSTAR 215,SST Single Source Technologies North LLC,Dept CH 16516,Palatine,IL,60055-6516,usa,,0,,248-232-6260
AEROSTAR,10886,AEROSTAR 216,WESTSIDE FLAME HARDENING,38200 EXECUTIVE DRIVE N.,WESTLAND,MI,48185,USA,,0,,734 729 1665
AEROSTAR,10887,AEROSTAR 217,THE LEE COMPANY,3000 TOWN CENTER SUITE 2580,SOUTHFIELD,MI,48075,USA,N30,0,,248-827-2144
AEROSTAR,10888,AEROSTAR 218,ROBERT BEARD,,,,,USA,,0,,
AEROSTAR,10889,AEROSTAR 219,SKF LOGISTICS SERVICES,890 FORTY FOOT ROAD,LANSDALE,PA,19446,USA,,0,,
AEROSTAR,10890,AEROSTAR 220,MYRON DEVINEY,,,,,USA,,0,,
AEROSTAR,10891,AEROSTAR 221,Shashidhar S. Dhanashetti,,,,,IND,,0,,
AEROSTAR,10892,AEROSTAR 222,SHILOH,8200 100th St,Pleasant Prairie,WI,53158,USA,,0,,931-263-2099
AEROSTAR,10893,AEROSTAR 223,Cutting Tool Supply,340 W. Gerri Lane,Addison,IL,60101,USA,,0,,630.543.7171
AEROSTAR,10894,AEROSTAR 224,MUSAED ABOALI,,,,,USA,,0,,
AEROSTAR,10895,AEROSTAR 225,METRO ALARM SYSTEMS,46777 7 Mile Rd,NORTHVILLE,MI,48167,USA,,0,,734 326 7266
AEROSTAR,10897,AEROSTAR 226,William Gooden,,,,,USA,,0,,
AEROSTAR,10898,AEROSTAR 227,TaAron Gooden,,,,,USA,,0,,
AEROSTAR,10899,AEROSTAR 228,DMG Mori,2400 Huntington Blvd,Hoffman Estates,IL,60192,USA,,0,,847-387-1492
AEROSTAR,10900,AEROSTAR 229,Mohsen Almurisi,,,,,USA,,0,,
AEROSTAR,10901,AEROSTAR 230,Manpower,21271 Network Place,Chicago,IL,60673-1212,USA,,0,,
AEROSTAR,10902,AEROSTAR 231,Heather Powell,,,,,USA,,0,,
AEROSTAR,10903,AEROSTAR 232,DONALD HOWARD,,,,,USA,,0,,
AEROSTAR,10904,AEROSTAR 233,CATT SPINDLE REPAIR,3590 KRAFFT RD,FORT GRATIOT,MI,48059,USA,,0,,810-334-3754
AEROSTAR,10905,AEROSTAR 234,William Howard Johnson,,,,,USA,,0,,
AEROSTAR,10906,AEROSTAR 235,MICHIGAN AIR SOLUTIONS,4511 Clay Ave,Grand Rapids,MI,49548,USA,,0,,800--992-0236
AEROSTAR,10907,AEROSTAR 236,Pranaw Kumar Singh,,,,,USA,,0,,
AEROSTAR,10908,AEROSTAR 237,Douglass Davis-Harbour,,,,,USA,,0,,
AEROSTAR,10909,AEROSTAR 238,SES Environmental,3807 Transportation Drive,Fort Wayne,in,46818,USA,,0,,260-497-7645
AEROSTAR,10910,AEROSTAR 239,SMW Automotive LLC,,,,,USA,,0,,
AEROSTAR,10911,AEROSTAR 240,Ascentium Capital LLC,PO BOX 301593,DALLAS,TX,75303-1593,USA,,0,,
AEROSTAR,10912,AEROSTAR 241,SKF USA Inc,DEPT 2807,CAROL STREAM,IL,60132-2807,USA,,0,,
AEROSTAR,10913,AEROSTAR 242,ZOLLER INC,3900 Research Park Drive,ANN ARBOR,MI,48108,USA,N30,0,,734 - 332 - 4851
AEROSTAR,10914,AEROSTAR 243,JACK PEDOWITZ ENTERPRISES IN,,,,,USA,,0,,
AEROSTAR,10915,AEROSTAR 244,Northstar Bank,,,,,USA,,0,,
AEROSTAR,10916,AEROSTAR 245,EVANS COATINGS,1330 SOUTER DR,TROY,MI,48083,USA,,0,,248 583 9890
AEROSTAR,10917,AEROSTAR 246,Barbara Alvarez,,,,,usa,,0,,
AEROSTAR,10918,AEROSTAR 247,HENSHAW,100 Shafer Drive,Romeo,MI,48065,USA,,0,,(586) 752-0700
AEROSTAR,10919,AEROSTAR 248,LARRY SWEET,,,,,USA,,0,,
AEROSTAR,10920,AEROSTAR 249,LanceSoft Inc,PO Box # 75017,Chicago,IL,60675-5030,USA,,0,,
AEROSTAR,10921,AEROSTAR 250,FAIRFAX ELECTRIC,25447 Ecorse Rd,Taylor,MI,48180,USA,,0,,(313) 291-7794
AEROSTAR,10922,AEROSTAR 251,QUANTITAX LLC,JULIA HOULIS ADMIN COORDINA ONE CHAGRIN HIGHLANDS 2000 AUBURN DRIVE SUITE 200,BEACHWOOD,OH,44122,USA,,0,,
AEROSTAR,10923,AEROSTAR 252,Jingstone Precision M&C Tech,168 Guang Wu Rd Sanmin District Kaohsiung City,,,80765,CH,,0,,886-7-3855577
AEROSTAR,10924,AEROSTAR 253,Rodzina Industries Inc.,8201 RONDA DRIVE,CANTON,MI,48187,USA,,0,,734 892 2723
AEROSTAR,10925,AEROSTAR 254,Swileh Swileh,,,,,USA,,0,,
AEROSTAR,10926,AEROSTAR 255,COSTCO,,,,,USA,,0,,
AEROSTAR,10927,AEROSTAR 256,Richard McAllister,,,,,USA,,0,,
AEROSTAR,10928,AEROSTAR 257,BlackHawk Industrial,2845 Interstate Parkway,Brunswick,OH,44212,USA,,0,,330-225-5530
AEROSTAR,10929,AEROSTAR 258,John Aral,,,,,USA,,0,,
AEROSTAR,10930,AEROSTAR 259,MODULAR ALUMINUM TECHNOLOGY,7214 Gateway Park Drive,Clarkston,MI,48346,USA,,0,,248.620.1820
AEROSTAR,10931,AEROSTAR 260,Bodman PLC,6th Floor at Ford Field 1901 St. Antonie Street,Detroit,MI,48226,USA,,0,,313-259-7777
AEROSTAR,10932,AEROSTAR 261,ALLIANCE BROACH AND TOOL,5664 NORTH RIVER ROAD,EAST CHINA,MI,48054,USA,,0,,810-765-5755
AEROSTAR,10933,AEROSTAR 262,Michigan Department of Treas,Office of Collections PO Box 30199,Lansing,MI,48909-7699,USA,,0,,
AEROSTAR,10934,AEROSTAR 263,TERRELL SIMPSON,,,,,USA,,0,,
AEROSTAR,10935,AEROSTAR 264,PAPA JOHN'S PIZZA,,,,,USA,,0,,
AEROSTAR,10936,AEROSTAR 265,OFFICE DEPOT INC.,PO BOX 633301,CINCINNATI,OH,45263-3301,USA,,0,,
AEROSTAR,10937,AEROSTAR 266,Ahmed Alshaebi,,,,,USA,,0,,
AEROSTAR,10938,AEROSTAR 267,KYOCERA UNIMERCO TOOLING INC,6620 STATE RD,SALINE,MI,48176,USA,,0,,734 944 4433
AEROSTAR,10939,AEROSTAR 268,WHITE AUTOMATION & TOOL CO,28888 GODDARD RD,ROMULUS,MI,48174,USA,,0,,734-947-9822
AEROSTAR,10940,AEROSTAR 269,EMD Millipore,290 Concord Road,Billerica,MA,10821,USA,,0,,781 533-6000
AEROSTAR,10941,AEROSTAR 270,David Delong,,,,,USA,,0,,
AEROSTAR,10942,AEROSTAR 271,FORSBERG SCIENTIFIC,2719 Industrial Row Dr.,TROY,MI,48084,USA,,0,,(248) 288-5330
AEROSTAR,10943,AEROSTAR 272,BRANDON BRANDENBURG,,,,,USA,ONREC,0,,
AEROSTAR,10944,AEROSTAR 273,PACKAGING SPECIALTIES INC,24775 Network Place,Chicago,IL,60673-1247,USA,,0,,586.758.5240
AEROSTAR,10945,AEROSTAR 274,JUST PACKAGING INC,3300 NORTH SUMMIT ST,TOLEDO,OH,43611,USA,,0,,419 243 0909
AEROSTAR,10946,AEROSTAR 275,APAC PAPER,4000 ENTERPRISE DRIVE P.O. BOX 640,ALLEN PARK,MI,48101,USA,,0,,313 982-6400
AEROSTAR,10947,AEROSTAR 276,PRECISE TOOL & CUTTER INC.,51143 W. PONTIAC TRAIL,WIXOM,MI,48393,USA,,0,,248-684-8480
AEROSTAR,10948,AEROSTAR 277,SLS GROUP,PO BOX 531945,LIVONIA,MI,48153,USA,,0,,
AEROSTAR,10949,AEROSTAR 278,MIST-O-MATIC,5887 MONROE,TAYLOR,MI,48180,USA,,0,,
AEROSTAR,10950,AEROSTAR 279,ROBERT ELAM,,,,,USA,,0,,
AEROSTAR,10951,AEROSTAR 280,HISHAM AL GUDARI,,,,,USA,,0,,
AEROSTAR,10952,AEROSTAR 281,JOSE ALVAREZ,,,,,USA,,0,,
AEROSTAR,10953,AEROSTAR 282,JUANITA BATTS,,,,,USA,,0,,
AEROSTAR,10954,AEROSTAR 283,ROBERT BROWN,,,,,USA,,0,,
AEROSTAR,10955,AEROSTAR 284,SHAUNTA BROWN,,,,,USA,,0,,
AEROSTAR,10956,AEROSTAR 285,JAVON BRYANT,afsafa,Testing,sfsaf,afaf,USA,,,,sfsf
AEROSTAR,10957,AEROSTAR 286,GARY CAGLE,,,,,USA,,0,,
AEROSTAR,10958,AEROSTAR 287,KEITH COLE,,,,,USA,,0,,
AEROSTAR,10959,AEROSTAR 288,CARLOS CRUZ-HIDALGO,,,,,USA,,0,,
AEROSTAR,10961,AEROSTAR 289,EDREN DAVIS,,,,,USA,,0,,
AEROSTAR,10962,AEROSTAR 290,SERGIO DE-ALBA,,,,,USA,,0,,
AEROSTAR,10963,AEROSTAR 291,JOHN DEEGAN,,,,,USA,,0,,
AEROSTAR,10964,AEROSTAR 292,GERALD DEVEREAUX,,,,,USA,,0,,
AEROSTAR,10965,AEROSTAR 293,COLLIN DMYTRUSZ,,,,,USA,,0,,
AEROSTAR,10966,AEROSTAR 294,MARTIN EGLER,,,,,USA,,0,,
AEROSTAR,10967,AEROSTAR 295,LURENE EVANS,,,,,USA,,0,,
AEROSTAR,10968,AEROSTAR 296,JOHN FIELDS,,,,,USA,,0,,
